{
  "marketing_stripe": {
    "text": "Utilize nosso cumpom COMPRA5 e ganhe 5% de desconto em todo site!",
    "link": "/promotion",
    "background": "#575756"
  },
  "contacts_stripe": {
    "pages": [
      {
        "title": "Sobre nós",
        "link": "/pages/sobre-nos"
      },
      {
        "title": "Dúvidas frequentes",
        "link": "/posts/esta-loja-e-um-pwa"
      },
      {
        "title": "Atendimento"
      }
    ],
    "phone_wpp": true,
    "socials": true
  },
  "categories_list": {
    "featured": [],
    "random": 6,
    "full_width": true
  },
  "desktop_megamenu": true,
  "search_input": true
}